country,year,region,percentage_obesity,hunger_index,prevalence_smoking,liters_of_pure_alcohol_per_capita,pig,poultry,sheep_and_goat,fish_and_seafood,beef,life_ladder,negative_affect,social_support,freedom_to_make_life_choices,positive_affect,generosity,perceptions_of_corruption
Algeria,2010,Africa,23.3,11.7,21.5,0.65,0.0,7.31453,7.4449673,3.9331903,4.5251756,5.463566780090332,"",0.5926958322525024,"",-0.20975297689437866,0.6180378794670105,0.7472836976643974
Morocco,2010,Eastern Mediterranean,22.1,17.5,18.1,0.9,0.029887386,19.307251,4.7321696,14.316058,6.6449623,4.383247375488281,"",0.6629003882408142,"",-0.15965025126934052,0.9004530906677246,0.6800941339570727
Tunisia,2009,Eastern Mediterranean,22.9,7.8,31.6,1.46,0.0,13.323323,5.4969673,12.777525,5.214322,5.02547025680542,"",0.7814962863922119,"",-0.1244443729519844,0.7222106456756592,0.7226900704624564
